name;frameTime;F0final_sma;F0final_sma_de;audspec_lengthL1norm_sma;audspec_lengthL1norm_sma_de;jitterDDP_sma;jitterDDP_sma_de;jitterLocal_sma;jitterLocal_sma_de;logHNR_sma;logHNR_sma_de;pcm_fftMag_fband1000-4000_sma;pcm_fftMag_fband1000-4000_sma_de;pcm_fftMag_fband250-650_sma;pcm_fftMag_fband250-650_sma_de;pcm_fftMag_mfcc_sma[10];pcm_fftMag_mfcc_sma[11];pcm_fftMag_mfcc_sma[12];pcm_fftMag_mfcc_sma[13];pcm_fftMag_mfcc_sma[14];pcm_fftMag_mfcc_sma[15];pcm_fftMag_mfcc_sma[16];pcm_fftMag_mfcc_sma[1];pcm_fftMag_mfcc_sma[2];pcm_fftMag_mfcc_sma[3];pcm_fftMag_mfcc_sma[4];pcm_fftMag_mfcc_sma[5];pcm_fftMag_mfcc_sma[6];pcm_fftMag_mfcc_sma[7];pcm_fftMag_mfcc_sma[8];pcm_fftMag_mfcc_sma[9];pcm_fftMag_mfcc_sma_de[10];pcm_fftMag_mfcc_sma_de[11];pcm_fftMag_mfcc_sma_de[12];pcm_fftMag_mfcc_sma_de[13];pcm_fftMag_mfcc_sma_de[14];pcm_fftMag_mfcc_sma_de[15];pcm_fftMag_mfcc_sma_de[16];pcm_fftMag_mfcc_sma_de[1];pcm_fftMag_mfcc_sma_de[2];pcm_fftMag_mfcc_sma_de[3];pcm_fftMag_mfcc_sma_de[4];pcm_fftMag_mfcc_sma_de[5];pcm_fftMag_mfcc_sma_de[6];pcm_fftMag_mfcc_sma_de[7];pcm_fftMag_mfcc_sma_de[8];pcm_fftMag_mfcc_sma_de[9];pcm_fftMag_psySharpness_sma;pcm_fftMag_psySharpness_sma_de;pcm_fftMag_spectralEntropy_sma;pcm_fftMag_spectralEntropy_sma_de;pcm_fftMag_spectralFlatness_sma;pcm_fftMag_spectralFlatness_sma_de;pcm_fftMag_spectralFlux_sma;pcm_fftMag_spectralFlux_sma_de;pcm_fftMag_spectralHarmonicity_sma;pcm_fftMag_spectralHarmonicity_sma_de;pcm_fftMag_spectralKurtosis_sma;pcm_fftMag_spectralKurtosis_sma_de;pcm_fftMag_spectralRollOff25.0_sma;pcm_fftMag_spectralRollOff25.0_sma_de;pcm_fftMag_spectralRollOff50.0_sma;pcm_fftMag_spectralRollOff50.0_sma_de;pcm_fftMag_spectralRollOff75.0_sma;pcm_fftMag_spectralRollOff75.0_sma_de;pcm_fftMag_spectralRollOff90.0_sma;pcm_fftMag_spectralRollOff90.0_sma_de;pcm_fftMag_spectralSkewness_sma;pcm_fftMag_spectralSkewness_sma_de;pcm_fftMag_spectralVariance_sma;pcm_fftMag_spectralVariance_sma_de;pcm_zcr_sma;pcm_zcr_sma_de;shimmerLocal_sma;shimmerLocal_sma_de;voicingFinalUnclipped_sma;voicingFinalUnclipped_sma_de
'CMU_DNN_0579_0_k-o.wav';0.0;260.6873777777777;0.09009011277777777;1.0244762222222221;0.14538261888888887;0.025750771555555555;-0.00026181271111111107;0.038810566555555565;-0.0008107054555555556;10.483694711111111;0.23028729333333336;0.08337475711111111;0.01212296122222222;2.9263581644444443;0.6019100944444443;10.783006111111112;-11.483450777777778;5.008822333333333;-17.51594111111111;-10.425986166666668;-13.316925000000001;-3.6116821922222218;35.09937222222222;4.406151;-12.609795111111113;-39.31668777777778;14.481286666666668;-28.726965444444446;-3.6693432888888884;-33.91143;-0.6046272888888888;0.2093234888888889;-1.4846312777777781;0.020391766666666818;-0.11533633333333336;-1.8579004333333335;-0.3479240444444445;-0.28567973333333335;1.0837267111111109;-0.2896250777777778;1.6264120444444445;-2.6932379;-1.6310427333333333;-4.319783;-1.920738277777778;-0.6625221222222224;0.4561249222222221;0.5467470888888889;-0.026385355999999995;3.2853755555555555;-0.27167866333333335;0.005812125322222223;-0.00274216822;0.34429667444444445;0.017540821111111108;1.5923627706666668;0.3393216577777778;119.35748555555554;12.900093888888888;402.77777777777777;4.861112222222222;534.7222222222222;-25.00000377777778;621.5278111111111;-48.611107000000004;704.8611111111111;-72.91665977777777;6.995218222222223;0.5818327488888888;169353.84444444446;-58626.10722222223;0.08768519222222222;-0.011564815777777775;0.2032470888888889;-0.0021234030777777784;0.8531096333333335;0.0016719448144444445
'CMU_DNN_0579_1_i.wav';0.0;318.19544285714284;0.7633149785714286;1.7867195714285715;-0.04623076285714285;0.013367768571428571;-5.821926857142858e-05;0.01905363428571429;-5.876677e-05;10.981540571428571;-0.09288405761428573;0.47961294285714284;-0.006939078285714286;2.6920231428571424;-0.022461925714285704;-3.154936228571428;-24.577458571428572;-0.45924810000000094;-1.5577201714285718;6.3788817714285715;12.787848285714286;23.375804285714285;9.679921714285715;-2.7806557;48.93528;-62.409485714285715;-18.83751285714286;-34.551314285714284;14.070769142857143;-44.38342285714286;-15.832202857142859;1.4336672428571429;0.25673352142857137;3.528585714285714;1.03723887;2.1028919000000004;1.0762495942857144;1.2391890714285714;-0.017607257142857127;0.6712327142857145;1.1262801401428573;-0.027417051428571426;-0.03944855842857141;0.8931744457142855;-1.6518405142857144;-2.8445338528571424;-0.930868;0.6241943428571428;-0.012397205857142856;3.463001428571429;-0.11149560428571428;0.0049767567142857145;-0.00044563956285714285;0.5226147999999999;0.029283249;1.643492142857143;-0.01588284714285714;5.864013571428571;0.22605911;294.64285714285717;4.464285428571428;316.9642857142857;3.4226189999999996;416.6666714285714;-32.14285514285714;2836.3095714285714;-25.744056285714287;2.021566142857143;0.04405541385714285;1360305.7142857143;-32017.242142857136;0.17607141428571427;-0.006547618285714285;0.08098033714285714;-0.0009603826000000002;0.8217834999999999;0.0004716078285714286
'CMU_DNN_0579_2_u.wav';0.0;95.30779000000001;-0.097776955;1.5657697499999998;0.020286085;0.0;0.0;0.0;0.0;13.722887499999999;0.12420550000000001;0.11879487250000001;0.0108674115;1.483507;0.0007370359999999999;-16.3818925;-37.0498325;3.5019867500000004;-9.846846249999999;1.2621827249999997;10.184019500000002;16.3864125;20.851905000000002;-17.1081875;10.033853;-49.007255;18.6337365;-52.747715;1.380299;-19.4224525;0.8448765500000001;0.15613524999999998;-0.4165365;-0.468899625;2.01067775;-2.15054325;-0.8844985000000001;-2.08777525;0.44444342;0.896685925;-2.3425005975000004;0.1304965875;3.37306325;1.089484975;-3.4150419999999997;0.32190100000000005;2.2280800000000003;0.550185425;0.007293013250000001;3.5445072499999997;0.0535271925;0.0042091495;3.2725115000000024e-05;0.287739875;0.018957594999999997;0.9016526249999999;0.022776188;17.425289999999997;-0.5486405750000001;281.25;0.0;312.5;-1.82291625;591.1458250000001;-3.9062497499999997;1041.6665;83.333325;3.75970125;-0.071080535;734348.875;15794.612499999996;0.23437497499999999;0.015499999;0.0;0.0;0.7344610999999999;0.00074916265
'CMU_DNN_0579_3_s-e.wav';0.0;182.09273076923077;0.01953132153846154;0.7984947384615386;0.11562154292307693;0.06664823923076922;-0.00010869459461538461;0.06115646923076923;-0.0006984605846153846;-36.79437199230769;1.217555182076923;0.09828478903076923;0.03130150277461539;0.7097658037138461;0.16723945284615385;-4.992510199999999;-11.438627153846154;-1.4288234076923076;-4.485686528461539;-7.7146760769230776;4.632259469230769;4.880943307692307;-0.5182063076923069;12.417754569230773;14.083659113846155;-11.287090692307693;-18.263138076923077;-15.884175892307693;8.861838161538461;-16.68842530769231;-7.945333923076924;0.43553010000000014;-0.8803149307692308;-0.6951603846153845;-0.011353118461538346;1.4484578061538462;1.6722532076923076;2.0148764923076925;0.19594478461538475;-3.7833519846153845;1.004197253076923;-4.404785453846154;-1.2228914153846153;-1.0594822;2.6701619984615386;0.022150624615384504;0.2606192461538461;1.8699673538461534;0.013833563846153859;4.747074307692308;0.0708765669230769;0.09410371784615383;-0.0008982716846153826;0.3086824607692308;0.02813917223076923;0.4141575354615385;0.10445983238461537;16.663661153846157;-3.5456692846153848;1913.4615923076922;6.891051384615377;2757.2115384615386;-1.04176923076938;3266.826869230769;-1.8430023076923467;3987.980846153846;130.84937230769222;1.695199230769231;-0.3056693823076922;2368923.9153846153;-41461.7146153846;0.3810256461538461;0.002455123846153845;0.20967617692307694;0.0034095998461538468;0.6968789307692307;-0.0010009116430769233
'CMU_DNN_0579_4_u.wav';0.0;105.55459333333333;-0.017961022;0.49977590666666666;-0.03228232950666666;0.021130659333333336;0.0;0.017544511093333333;8.197695333333333e-05;-48.63975366666668;0.7564213320000001;0.0028640262999999984;-0.001104209264;0.169231588;-0.02880214640000001;1.37532748;-16.379055866666665;2.5106638;-6.262044813333333;-10.862624826666666;-3.9819222926666664;-13.533133133333331;34.52287066666666;16.342729173333332;0.5071623533333335;-42.64051066666666;6.3973693733333326;-28.168156;-2.629959873333333;-9.829238853333335;-7.6467860666666665;-0.40636382200000015;0.7288787066666665;-0.4787793065333333;-0.09733421266666661;-0.10886437333333342;-0.9306811526666667;-1.1039428133333333;0.9568671079333336;1.553085422;-1.0762388333333335;0.1656950466666667;-0.6699529466666666;1.8122895800000003;0.032155720000000006;0.38695244666666667;-0.8711453;0.4432822133333334;-0.006988310853333333;3.514747666666666;-0.01681074553333333;0.0021790971933333333;-0.0001858838173333333;0.15218759333333334;-0.004705650666666668;0.10349693513333333;-0.013406260446666662;119.77453666666666;6.545826066666666;270.8333333333333;-2.083333266666666;439.5833333333333;-5.3472228;493.75;-4.652777999999999;547.9166666666666;-6.1111106597655995;7.480324266666668;0.07934273400000005;154230.10933333336;-26552.763566666665;0.09738888400000002;-0.00812222237;0.04866495133333333;-0.00015196271333333333;0.7371708599999999;-0.0019610635133333323
'CMU_DNN_0579_5_p-A-9r.wav';0.0;218.75560952380957;-0.03135992271428572;1.0250970876190475;0.02522811857142856;0.03585316528571429;-0.0005539137274761906;0.034818595523809524;-0.0006278710043333334;-15.824730885714287;0.917848947238095;0.15631287443838093;0.00044307167980951853;1.0674192703123806;0.021519598590476186;-17.171122999999998;-21.51393485714286;4.629864338095238;1.1885771428571434;-8.660273452380952;1.0033679214285711;5.027466333333333;22.65470466666667;-5.74184092857143;7.578249952380951;-24.958581295238098;-2.1914809523809518;-25.32448638095238;3.3845332142857143;-10.735391428571429;-0.6857185238095236;-0.24933457142857143;-0.3306503619047617;0.23816994619047635;0.20104831666666667;0.5483184738095238;0.7395846523809526;0.9383988942857141;-0.01456243857142829;-2.063020085714286;-0.3213348714285715;-0.5208542380952379;-1.558011557142857;-0.8140031571428574;-0.6650987238095235;0.34777383714285715;0.9850855000000001;0.521857657142857;0.007072399523809525;3.46292180952381;0.0267849;0.017366975585714286;3.94502257142858e-05;0.2937935660952381;0.008932000238095242;0.7770431149385715;0.011524344071428608;170.99060423809527;-46.66106620000001;333.82937142857145;3.3234116190476186;401.78570952380954;3.7698423333333344;632.4405142857142;7.440471879720047;1124.9999523809522;15.426591285714276;6.798663142857143;-0.717615731904762;461493.95819047623;2808.625238095233;0.09920634619047618;0.0013452372738095228;0.15803072190476192;-0.001526148304095238;0.7688037523809524;0.0008526495538571428
'CMU_DNN_0579_7_ch-A:-l.wav';0.0;158.556188;-0.062979452028;1.3485450439999997;0.039343355200000006;0.010973946360000002;-8.296509796800002e-05;0.020169356839999996;-0.00023851845384;-20.479483196;0.51637065308;0.4718364376088;0.004096158139200002;0.14166606198;0.014071308948;-11.273653504000002;-17.200977411999997;-5.852613040000001;0.3077564400000006;-16.065096636;-6.458078995999999;-5.8919986799999995;12.09975612;-12.088263856800005;6.790442220000001;-23.779957952;4.795225936000001;-13.551638119999998;6.78302896;-3.1649126679999995;-12.168043159999998;-0.594333988;-0.47205520959999986;0.5447210279999999;-0.4388083999999999;-0.3668182560000001;-0.35852918759999997;-0.020928488000000023;0.5644316884000002;-1.7095155159999993;-0.2878138799999999;-1.1537518364000003;-0.632420524;-1.1026089959999998;0.12876094399999988;0.5325572759999999;-0.16760181200000002;1.313096424;0.002376998400000017;4.76056384;0.024668693840000016;0.05871667912000001;-0.0009629208279999999;0.38126374599999996;0.015888700440000004;0.68593676844;0.020269378332000015;18.440481000000005;-3.4489301128000016;1363.7500280000002;-4.4166885200000054;1725.833344;-3.0416708358593776;2117.500008;-0.5000344399999949;2828.3334400000003;8.791663599999998;2.1709707239999996;-0.18058913931600004;1094307.5200000003;-25345.932559999997;0.285766676;-0.00303999984;0.0678230404;-0.00016022299375999997;0.7445934559999999;0.0012459352515999996
'CMU_DNN_0579_8_dB-e.wav';0.0;191.18613636363636;-0.42063765372727285;0.7363865181818181;0.03735347290909091;0.006538715127272727;-4.209240972727273e-05;0.019808875454545457;4.3288652e-05;19.831164545454545;-0.052126778636363634;0.0087554881;0.0006264956432727273;0.4689824527272728;0.04625218254545455;-4.4260193545454545;-13.421112090909089;-7.783231454545454;-4.265595945454545;-14.480032727272727;0.1276244545454541;-11.369595363636364;27.683915454545456;17.073806363636365;25.231132727272726;-27.31493436363636;-26.57754818181818;-24.792459090909087;13.0164643;-17.390858454545455;-6.7582961818181815;1.8092119190909086;1.2167109181818183;-1.176557390909091;2.197235090909091;1.0081742272727274;1.606646545454545;0.43453541909090904;-0.7592226472727271;0.2899344000000001;0.6665857184545455;-3.28956400909091;-1.7533399154545455;0.9080286090909091;1.5968762727272725;-1.758809401818182;1.6920452636363637;0.37159523636363634;0.01805552963636364;2.9993190909090903;0.05998598209090908;0.0025875733;0.00019972811000000003;0.24811719909090912;0.005656952727272726;0.3339989272727273;0.018509570818181817;181.0428972727273;-18.89503472727272;267.04545454545456;14.204544545454548;309.65909090909093;13.541666818181818;405.3030272727273;25.28409081818182;479.16666363636364;12.026513999999997;9.061611999999998;-0.2569000754545454;118487.93090909091;10309.615200000002;0.060984850909090914;0.004856060745454545;0.1255649490909091;2.7778394181818216e-05;0.8084772818181818;-9.355646363636354e-05
'CMU_DNN_0579_9_tB-A.wav';0.0;110.67539285714285;-0.03758296507142857;0.4928587764285714;0.06089117092857143;0.07974562142857143;0.00013553185;0.06962824214285715;0.0005962993571428571;-40.66265464285714;1.1343124211428572;0.011049790566785714;0.0020343532306428577;0.03855480353721429;0.004800275450000001;-8.744929357142857;-6.985422335714285;2.0040322785714286;-2.9756905860714284;-9.368393478571429;5.31303107142857;-5.758516800000001;22.217303285714287;6.460683785714287;7.608111357142855;-11.866131148571428;2.0283634214285713;-2.8532006428571424;11.195030428571426;0.169046792857143;-5.668149571428572;-1.2710560542857146;-0.6476782785714285;0.6079134885714286;-0.5804394642857144;-0.06624858571428575;0.1664622471428571;-0.2481222560714286;0.5338965685714284;-2.9598880571428574;-2.8799816857142866;-2.0036582442857145;0.594957992857143;-0.055159578571428614;0.538891622142857;0.688111792857143;-0.7523560228571426;0.4732474571428571;0.03529854078571428;3.6232703571428573;0.06813709285714285;0.019342736357142853;5.380122785714285e-05;0.14825349200000001;0.00801416166571429;0.10438184787071429;0.019297176742857143;97.82398857142856;-28.230462514285712;340.77380285714287;36.0863135;433.7797757142857;43.526783357142854;505.9523857142857;44.49405478571428;651.7857142857143;49.553567571428566;6.581290642857142;-1.055741140642857;374917.2564285715;3848.0970714285772;0.08499999714285715;0.005499999742857142;0.11100016999999998;-0.0007978523571428571;0.6853762;0.0015010235728571426
'CMU_DNN_0579_10_tBh-A.wav';0.0;140.07874444444445;-0.014996883722222224;0.5950170166666666;0.03103769944444444;0.010504290444444444;-8.354984149999998e-05;0.03281047933333333;-0.0005965593308888887;-24.76346672222222;0.8334373581111112;0.036883173974999996;0.002396679458888888;0.021171522866666667;0.0010023164705555557;-23.030616833333333;-12.74157788888889;-8.96827911111111;-6.9684104444444435;-19.52900633333333;-3.5080673722222224;-7.556625177777779;19.854062944444443;-3.7859917222222226;1.8104545555555542;-12.708773572222222;16.159935133333335;-3.708571566666667;8.337533999999998;-3.417525555555555;-6.86149211111111;-0.3167157222222221;-0.6855900038888889;-0.9035187694444444;0.005362316666666731;-0.8484178980555557;-0.566039411111111;-0.25100563366666656;0.06839377777777816;-1.920322488888889;-1.0307428894444444;-1.2583310166666666;1.2644251855555557;0.21140738777777776;-0.6911788;-0.3265672277777778;0.38874549999999997;0.5920929500000001;0.021728473722222214;4.159202055555556;0.066866445;0.03871229505555555;1.291367222221872e-06;0.09693054000000001;0.004954600233333333;0.08506979197777778;0.004785335988888889;41.83709205555555;-9.327947599999998;263.8888888888889;4.456016055555557;481.4814833333333;25.1157415;798.0323888888888;37.384262055555546;1479.1667222222225;45.65972499999998;4.340052666666667;-0.4870103088888889;731093.6472222223;10871.893444444426;0.14231482833333334;0.0038842603055555566;0.09370973111111112;-0.00062751391;0.7552606666666667;0.0009804916783333333
'CMU_DNN_0579_11_j-A.wav';0.0;223.235575;0.372874832375;1.1379575124999999;0.142946565;0.1063703925;-0.000889077075;0.0597803975;-0.001153335075;10.281306625000001;0.27206008550000005;0.07775916534999999;0.015789624875;0.773389475;0.07428766749999996;-10.453529625;-7.245211374999999;-12.69946325;-0.7968111250000001;-15.176889625;-11.165350375000001;-10.623546999999999;19.2949175;15.431963874999997;33.57121625;-49.665538749999996;-15.802720025;-21.684450000000002;15.425018125;-32.3038875;1.489354375;-2.096747375;-1.021472575;-0.3401976375000001;-1.3253251;-1.20009006;-0.5741796500000002;-1.9995824887499996;-1.318939425;-4.259131375;-2.2979097625000002;-1.1844469874999999;-1.8016826124999996;-0.558700625;1.927716775;1.2253936750000003;-0.5539285312500001;0.472699975;0.04524561;3.4885371249999997;0.08097103375;0.005830552875;0.00146865725;0.3603327;0.0429352865;0.6134133749999999;0.08361771874999999;53.84552375;-16.967451699999998;295.57291250000003;24.218751625000003;375.0;41.79687625;468.7499875;37.49999625;855.4687124999999;149.999984875;5.823829375000001;-0.9907087999999998;484487.625;89642.565;0.13572916999999998;0.012833333374999999;0.3539110087499999;-0.019511561885;0.8082504625;0.0012987570050000002
'CMU_DNN_0579_12_hv-A:nas.wav';0.0;253.21217857142855;0.4100517721428571;1.3345853642857146;0.10213270778571427;0.013269834928571426;0.00011508735285714286;0.02340894614285714;0.0002037258307142857;16.89062142857143;-0.024810359149999996;0.2846454514285714;0.04843492100714286;0.34139619000000004;0.06460960571428571;-43.332213571428575;-19.157789285714284;-20.568210785714285;-2.759965;-12.797148100000001;-3.7123632357142866;-8.022745907142859;20.954816428571426;-11.362841421428572;2.966487757142858;-25.062107857142855;21.089926714285713;-19.505389285714283;-5.19521337857143;1.359305521428571;-9.405520092857143;0.2212164249999999;0.46922883928571435;1.9410641857142859;0.2718851592857143;1.5271719928571428;1.6839796;1.7189780071428573;-0.01137754642857144;-2.376769078571429;-0.4164681657142858;-1.2822812428571428;-1.0862705928571426;-0.23351517142857148;-0.41813007142857134;-0.3310270714285715;-1.828254438571428;0.5250815428571428;0.029160998214285718;3.397982285714286;0.03612252714285713;0.0070168140000000006;-0.00017865686428571425;0.36926399142857147;0.04095519565714286;0.7029765;0.12500467176428573;31.90363214285714;-0.9584858321428571;358.63095000000004;34.97023642857143;442.7083357142857;44.04762007142857;589.2856928571429;29.761910714285722;1032.7380214285715;52.157738;4.466028642857142;-0.13176841142857146;384285.5571428572;-5692.170714285718;0.10202381142857142;0.002720238499999999;0.09642709785714286;0.0006505916157142858;0.8238807142857143;-0.00011756222214285711
'CMU_DNN_0579_13_tB-A-k.wav';0.0;137.89217142857143;-0.006345386342857143;0.8103637314285713;-0.005007491831142863;0.02153416548571428;-0.00022439802738571428;0.02632540451428571;-0.0002689610636857144;-46.462418477142855;0.47959599445714307;0.11482184656765713;-4.433331465713524e-06;0.6407845571203429;-0.0017198683878711435;-15.390023611428575;-9.840251897142856;1.0941901142857144;-1.6442056371428566;-7.029818865714285;3.9437385885714273;3.351108283142857;15.774906142857143;-1.166127600000001;10.392978000000001;-19.222065222857143;-1.8562112828571433;-18.343682539999993;9.33312140485714;-3.999030657142857;-7.034978865714286;1.0490703485714286;0.8425987808571428;0.08853792685714297;0.3748465722857143;0.15678502171428574;-0.044589384857142846;-0.08559441142857142;-0.5426240171428571;-0.19306730571428554;-0.2987213220000002;0.5074730971428573;0.3896711857142857;0.6854885120000003;0.4279840608571429;0.6712395971428572;0.9952453742857141;0.5695442571428572;0.009529518777142858;3.823882342857144;0.07397531885714287;0.04655367317142857;0.0036094594948571433;0.2809964178571428;-0.00190052552285715;0.5763068957446859;-0.0008984400545845611;69.57501820000002;-11.432444683428573;288.39284999999995;-3.601190228571429;430.05951600000003;0.3571446285714259;658.33332;17.55952662857143;1641.6666771428572;76.90476419999999;5.3012726;-0.4095989087428571;998720.018;59570.86239999999;0.1263809485714286;0.0037761903999999997;0.08046772257142856;-0.00016871811771428577;0.4995492000000001;0.00020622601437142858
'CMU_DNN_0579_14_k-i.wav';0.0;189.80245333333332;0.059745648;0.7219004466666665;0.040473318;0.03535639806666666;-0.000549502188;0.037883557400000004;-0.0006826347953333334;-28.765125973333333;1.6358577666666667;0.05017910430666666;0.003801027919999999;0.681026985264;0.008964247558666672;-12.912673533333333;-20.35487353333333;0.02060791333333339;-2.0021827199999986;-0.35256928;3.4209468466666664;11.421980713333332;8.386239266666667;14.532879933333334;38.022319800000005;-47.284223333333344;-7.4287216733333326;-15.973565000000002;3.44864216;-24.756031466666666;5.708474473333334;0.012080899999999891;-1.8949987733333338;0.3934161733333334;-1.0843391699333336;-0.2841270533333334;-0.2079953799999999;0.4690193666666665;0.6210966800000002;0.6094227813333336;3.0034243779999996;-3.0798494542;-1.6119308533333332;-1.5016426933333331;0.4137281400000001;-2.2044120466666666;1.133126326666667;0.7913671466666666;-0.017399491466666663;4.129644133333334;-0.05908010466666666;0.06052190746666666;-0.01053917466;0.2558304452;0.0199522988;0.3871063344866667;0.0054148260599999965;15.730630266666667;-0.1206649133333333;551.3889333333334;-3.9583416;868.7499333333334;-59.791661533333325;1406.9443933333334;10.069431599999977;2452.0833800000005;-58.33328866666668;2.7372575526666676;-0.008346782000000021;1493413.6;-47073.16933333331;0.21438888;-0.0034222216333333307;0.10062253800000001;-0.0003216538806666666;0.7157868066666667;0.005732405593333335
'CMU_DNN_0579_15_A.wav';0.0;182.0366125;0.016030100125;1.5440417874999999;0.18991411125;0.07713519999999999;0.0004922752125;0.08334748787499999;0.0005104103125;-7.006420625000001;2.5686832284750003;0.47728891374999993;0.10080401875;0.16635250525;0.044516744999999996;-19.03058;-28.2286325;5.15989625;2.2184757625;-17.3724785;-2.056379625;-5.7705022;23.88397625;-25.402589999999996;4.167364175;-32.9366625;17.7143525;-13.740783124999998;2.4837018625000002;0.40121023749999996;-8.197663125;-0.35281261875;-1.708390525;-1.16486330125;-0.643956925;-2.6887804999999996;-1.0940075;-0.6966105499999999;0.6702420149999999;-0.4830556624999999;-1.6349919124999999;-0.41098085;1.196660696375;0.13917443750000003;-2.135326975;-1.236944;-0.15517465750000003;0.86212525;-0.007921216;4.7574197499999995;-0.110706405875;0.013016615375000002;-0.0024304087125;0.35786707875;0.03989104875;0.70906454875;0.18203538212499998;12.776802499999999;0.99946340125;718.7499875;5.078128125;820.3125125;2.4739554999999998;1070.3125;4.817708750000003;1730.468625;-61.458336249999995;2.6084456250000003;0.0843794505;497686.9625;-45132.88612499999;0.185104175;0.005354166025000001;0.16135629999999998;0.0004698045750000001;0.7993558999999999;0.0095576601525
'CMU_DNN_0579_16_b-o-dBh.wav';0.0;224.108625;0.17670766333333335;0.847828975;0.0025654808333333396;0.01308443095833333;2.7360031875e-05;0.016644613416666666;2.7533504583333352e-06;23.73138541666667;0.07462773920833332;0.01764819748875;0.00011429172083333365;0.9949967320833334;0.0074823437500000185;-3.9247215416666665;-18.652582916666663;-1.1606116708333338;-11.138866041666667;-13.240310625;-12.803591458333335;-9.417214625000002;37.259627916666666;15.737953087500001;0.6481320583333336;-38.98475858333334;10.658368375;-24.604791958333326;-1.182041479166667;-21.815560833333336;-9.506573266666669;-0.48978334999999995;0.09278304125000005;0.22288119479166668;-0.1665391125000001;-0.18953864750000002;-0.3639732495833334;-0.10943899291666671;-0.45506329166666676;0.10331617124999988;0.22462479999999987;-0.062117041666666685;-0.3563594500000001;-0.5042695583333333;0.3888295191666666;0.06239217166666649;-0.08790887500000022;0.38544426250000013;0.002445406175;2.8197765833333333;0.013950261542499993;0.0009648904083333332;0.00018096068828333332;0.2685068741666667;0.014962679779166667;0.6986053529166667;0.0018933655875;206.22860791666668;5.165844208333332;307.29167083333334;1.3020830833333341;361.9791666666667;2.0399309999999997;399.7395791666667;3.0815985;497.3958333333334;1.7361106666666697;8.733121541666668;0.12182337125000002;69816.37125;5429.532249999998;0.057916667916666664;0.0006805559250000003;0.07481631516666666;-0.0029856899233333335;0.8155825458333336;7.504741999999999e-05
'CMU_DNN_0579_17_c}-i.wav';0.0;89.11308333333335;-0.017971388333333334;0.8561916999999998;0.06207421516666667;0.009301974055555556;-0.0001392063722222222;0.04858838388888889;-7.878017222222224e-06;-65.71561213333334;0.7327290978333335;0.05123892577777778;0.013366824333333333;0.2553720447055556;0.09230105627133334;11.483988300000002;0.8624904444444446;-2.7528776544444447;5.467315222222222;-5.0993464444444445;6.831745580555557;-1.383505888888889;-22.33933127777778;11.213049833333335;20.149484666666666;-26.025370555555554;-5.7777439444444445;-20.581588333333332;17.014630888888888;-2.7552032222222227;-1.9274520111111109;-0.10033169999999988;-1.5134788388888891;-0.4203787883333334;-1.1694600777777777;-0.27027200166666676;-0.4253439388888887;-0.1408736611111111;2.004059205555555;-0.7463780666666667;2.448623638888889;-2.140797873888889;-1.5691318844444444;-1.8947357555555553;-0.36707954000000004;-1.9907605944444444;-0.16830305666666667;2.438396272222222;-0.13387093493333335;5.536591166666668;-0.1414604738888889;0.07536708838888889;-0.007958869961111111;0.2990925927777778;0.026345881333333335;0.19678869522222223;0.05643041161111111;5.7193648888888875;0.06426334611111112;3387.152777777778;-228.5879558888889;3592.0138722222223;-237.15277100000003;4210.069444444444;-276.4467638888889;5327.546333333334;-188.77314166666665;0.41964533277777777;0.18112526061111112;1033500.0333333334;-369.13372222221125;0.49504628888888885;-0.02143981745555555;0.09982075555555556;-9.301412777777777e-05;0.32897248333333334;0.0010787082594444445
'CMU_DNN_0579_18_c}-u.wav';0.0;140.14949333333334;-0.05654710933333334;0.77836262;0.0232946224;0.029424803933333334;-0.00046376216000000006;0.036234536600000006;-0.0006068975999999999;-42.682325452666674;1.0289273106666665;0.025060151333333332;0.001211927056;0.2727593909666667;0.043191307533333334;2.373389706666666;-11.357653039999999;-6.5799183333333335;-2.3344915133333335;-5.962929252666667;-4.7431338;-3.3218880266666675;-3.678592066666665;9.407932333333337;26.19144;-22.08365513333333;-0.26473966666666654;-24.0112016;7.019766640000002;-6.679676186666666;-9.521068506666666;0.5128927046666665;-0.2778926333333333;0.8444104600000001;-0.4904706933333333;0.1093696994;0.06964385666666677;0.2985001533333333;2.4035960000000003;-2.2358303000000004;-1.8762438866666666;-1.757759096933333;1.4703945333333335;-1.7109187108666672;-1.1465502666666665;-0.5247533799999998;0.43227225333333336;1.5537080200000004;-0.03729855333333334;4.7474606;-0.06157378533333336;0.05931426606666667;-0.002696541580000001;0.23762263266666667;0.005176058206666668;0.17373547866666664;0.022403630450666668;19.11175173333333;4.669517626666666;1922.9167533333334;-14.375024466666677;2111.8054199999992;-20.06944660000001;2843.74994;-99.93049720000002;3364.583266666667;-120.62498960000002;2.1221235879999996;0.3474260093333334;1194175.5066666666;-162622.41;0.3559444333333332;-0.014972221399999998;0.06756751333333333;0.0003280448266666667;0.6380503266666667;0.0023840499786666664
'CMU_DNN_0579_19_k-A.wav';0.0;231.86604615384616;-0.14572334453846156;1.4289044615384616;0.15419608500000004;0.031259340769230766;-0.00026512129153846156;0.052022212846153854;-0.0010918299823076923;-9.71953657;2.2434621506923076;0.6085494486046154;0.07682335064692308;0.4153222739846154;0.026854867153846156;-16.374000307692306;-18.054905384615385;-2.2283713076923077;6.568026615384615;-9.539565153846153;2.0461959523076922;3.0870628846153845;20.563243076923076;-18.882358846153846;-2.3960886153846155;-28.717013076923077;4.302310138461539;-15.851630530769231;7.889641774615385;-6.850470529230767;-6.838328846153847;-0.7369074453846154;-1.7780743538461539;-0.23557573846153848;1.2526847115384614;-0.8927253100000001;0.5025618361538461;0.5601732384615385;-0.19912069230769228;-4.025289238461538;-0.7916742143076922;-1.5471350461538458;0.6705554842846154;-1.3181643307692306;-0.04800792307692308;0.2619401692307693;0.4184613538461539;0.7455100769230769;0.04074566669230769;4.133770999999999;0.03515876923076924;0.019840898615384614;-0.0005731467976923077;0.5170896515384615;0.04189089320461539;1.3474639692307693;0.12143675572307688;40.60034692307693;-12.253856523076918;581.7307615384615;37.90064461538462;680.2884538461539;40.46474807692307;890.2244307692307;52.32372692307691;1408.6538692307693;87.9006486923077;4.279417538461539;-0.5746622069230769;406019.56923076935;8387.216999999997;0.12083333615384619;0.006044870546153846;0.19892449153846153;-0.0010891440153846155;0.8056397307692309;0.0069334946350769235
'CMU_DNN_0579_20_k-A.wav';0.0;120.42724545454544;-0.08442504545454545;0.6460917727272727;0.14415712090909089;0.06520904727272726;0.0;0.06098919999999999;0.0003110140090909091;-44.72006539090909;1.4496726372727273;0.030051869312727273;0.01090299044590909;0.1801004194090909;0.07365911627272727;-15.839726227272727;-13.585590109090909;0.6534016363636361;2.5944795454545453;-10.003724750909091;-4.31393758;-3.769727045454546;23.921136363636364;-2.0148543636363625;-0.003468554545454573;-15.466525272727273;-0.8692132172727273;-17.738061181818182;14.429870272727273;-1.5798335454545454;5.962478327272728;0.15985635454545474;-0.6556616454545456;0.08151568909090892;-0.5776881090909094;-1.5169962054545456;1.1595331772727275;-0.0038776454545453765;-0.5822327181818182;-2.5522866836363636;-0.9161095863636365;-2.634196190909091;-0.595483990909091;-1.6692686636363638;2.911859790909091;0.6187580636363637;0.11159619090909087;0.596007609090909;0.03753835818181817;4.301616999999999;0.06552241454545457;0.02425201736363636;0.0002318128818181819;0.30262701090909094;0.0622456775181818;0.3048661071181818;0.11511259929999997;78.61751545454545;-20.95621381818182;355.11362727272723;35.51136454545454;578.5984818181819;36.837123727272726;837.1212636363638;43.75000181818182;994.3181727272728;47.63257545454546;5.997457;-0.6771492063636364;367322.3963636364;17640.02454545454;0.10121211818181819;0.007204546427272729;0.14570034545454547;-0.0004777450818181818;0.7109814909090909;0.001795241227181818
'CMU_DNN_0579_21_l-e.wav';0.0;198.9917066666667;0.19849522924;0.9256888066666665;0.016086497600000006;0.010933968000000004;1.8480847933333332e-05;0.009487227800000001;-1.566882666666667e-05;19.45612266666667;0.06754959566000002;0.024394313486666666;0.0018359596866666667;1.1718460466666665;0.05286929066666665;0.8589409466666668;-9.6020034;3.2462193999999993;4.976218666666667;-8.552552533333335;3.4131755933333334;-5.7717616666666665;22.121787333333334;20.615029333333336;32.84765733333333;-38.89707799999999;-20.261959866666665;-37.43128666666667;3.5838776933333323;-27.693333466666665;-10.000826266666667;0.9927892099999999;-0.2633687933333334;-0.81050058;0.6309665466666667;0.44390925333333336;-0.38527872119999995;0.286137044;-0.43206651097333343;-0.37977789999999984;0.8233987466666667;-0.4858864073333334;-1.3156123466666663;0.9134638866666667;-0.6648638866666668;-2.05344986;0.23247600666666673;0.4271752933333334;0.003803578326666667;2.6210478666666663;-0.03564985486666668;0.0023954256;6.659548380000002e-05;0.17251363866666664;0.010369151999999998;0.7502290466666666;0.028443984266666666;92.81452866666667;-3.1734356;310.4166666666667;9.513887666666669;391.66666;2.2916659999999998;400.0000066666666;0.8333331333333334;435.4166666666667;-4.166666733333335;8.4486546;-0.15884057999999995;183316.488;2793.862066666666;0.07699999933333336;-0.0056555554999999985;0.05889684766666666;-0.0018428141379999998;0.8274939000000001;-3.733853866666665e-05
'CMU_DNN_0579_22_J-A.wav';0.0;220.33345454545454;0.2304179072727273;1.185236718181818;0.15297928818181816;0.008838491909090909;-9.599837636363637e-05;0.017456782545454547;-0.00015380815327272726;-1.7370772727272716;2.0454389992727275;0.15228357569090908;0.04568204774545455;0.28228769945454546;0.029459893981818187;-15.603517090909094;-18.811635545454546;-8.736857545454546;-11.991164454545453;-12.309427545454547;-6.362699945454546;-9.070224853636363;14.573978272727272;6.888314909090912;12.52361681818182;-22.63577490909091;-11.415939199999999;-15.319527381818181;14.829928;-10.672483818181819;-10.820725727272729;-1.9916963454545453;-1.5892946727272723;-0.43142318272727276;-0.6163740090909092;-0.185134779090909;0.7570195090909091;0.638204079090909;0.5785834727272727;-6.180621318181818;-0.7477916636363637;-3.894373481818182;2.4723576090909094;-2.0097748372727273;0.6693429909090911;0.9862940545454545;-0.44153272727272735;0.6526349363636365;0.04072940890909091;3.6770294545454547;0.11225986363636364;0.01839270090909091;-0.0003209800545454545;0.34105610090909094;0.03355721070909091;0.5518919554545455;0.09498533963636362;33.37945090909091;-9.770565600000001;357.95453636363635;49.43181654545455;448.8636363636364;50.946977272727274;949.8105727272728;37.78409909090909;1832.3863636363637;92.23483181818185;4.264140909090909;-0.6065378809090909;1481176.1727272728;-64772.20863636364;0.19416666363636362;7.575272727273883e-06;0.12714638636363637;0.0002007607;0.8132758090909089;0.0038075022545454545
'CMU_DNN_0579_23_m-u-N-hv.wav';0.0;242.92512173913042;0.005057398347826089;0.8258907521739131;0.020126385243478265;0.007670951304347828;-1.3789542000000006e-06;0.007757925169565218;-1.3844959565217388e-05;26.036580000000008;0.06283785291304349;0.019880746304347826;0.0011371992826086955;0.6021902391304347;0.04204367847826086;-5.812934130434784;-12.130056260869567;-19.65646408695652;-17.211201304347824;-5.24914247826087;-16.378900956521736;-7.576100100000002;37.214986521739135;0.38379843913043493;5.061383547826088;-30.5383952173913;12.841714826086958;-18.246095695652176;-5.456977091304348;-20.753386782608693;-15.230705217391304;-0.23782894086956513;-0.1271159052173913;0.5544827213478262;-0.29052371304347824;0.7892128108695653;0.2695736882608696;0.30240113013043485;-0.11499133826086957;-0.015074233095652145;0.17423157391304347;-1.169542808695652;-0.06467697626086957;-0.7170513314782608;0.5463048739130435;0.24761996521739124;-0.16257462695652178;0.31778032173913046;0.004012959252173913;2.882242391304348;0.021677409565217392;0.0010003402043478262;2.930317373913043e-05;0.1158340352173913;0.009472881747826088;0.4566166956521739;0.024170193039130435;88.2918552173913;-0.6478277956521736;228.2608695652174;1.041666652173913;244.11231739130434;2.0380434347826086;375.90579565217394;4.710146086956523;518.5688391304348;11.775362652173909;6.335853478260869;0.014989133856521742;71041.00260869565;2835.446254782609;0.09021739000000002;0.0038442029826086964;0.036363882826086956;-0.0014515886302782616;0.8312528608695655;3.750203082608697e-05
'CMU_DNN_0579_24_k-o.wav';0.0;219.3408928571428;-0.12434917571428572;0.9440349485714287;0.10279266357142856;0.04200310214285715;-0.0007168622154285714;0.02980012764285714;-0.0005116202867142857;-5.931177000000001;2.069524489071428;0.1429975407192857;0.018623508512142856;0.7857056370357143;0.03839475695285715;-2.207904014285714;-10.66087115;-1.3998851214285715;-8.938940678571429;-11.537446200000002;-0.9359941928571427;-2.150572757142857;28.51705071428571;1.2461239357142855;-5.117927571428572;-46.13413342857143;21.088732142857143;-12.313132428571427;2.2363549428571425;-20.957481142857137;-9.269515164285716;-0.18917455785714285;-0.9695089407142857;-0.4344171;-0.9910040435714286;-0.8109459428571429;-0.2978535157142857;-0.5300619285714285;1.098940322142857;-1.8661984857142853;-1.2075961264285715;-4.4388431357142855;0.6375636185714286;-0.1397003914285713;-1.0656037357142858;-0.4338074785714287;0.27229020500000006;0.5865307285714286;0.023559849571428572;3.958801857142857;-0.0076595264285714264;0.017092347121428573;-0.0026915039014285716;0.27364685292857144;0.036112726857142854;0.70472942915;0.07561723098428572;45.04595357142857;-0.0031862071428568417;349.70237142857144;31.547619071428574;548.3630857142858;36.38392842857143;703.125;33.92857935714285;1004.4642857142857;8.482141785714285;5.023538142857143;-0.046270201428571404;424773.35;-48219.176714285706;0.13386904;0.0026488096785714293;0.19571521499999997;-0.002139300612857143;0.7997292285714286;0.006106978835
'CMU_DNN_0579_25_A.wav';0.0;205.67421;-0.0874515138;1.4526850000000002;-0.06957317589999998;0.006425420700000001;-1.22382049e-05;0.006744372;-3.9844284899999995e-05;17.162952999999998;-0.01568259563;0.25675917699999995;-0.029666387649999997;0.16671800399999998;-0.0219963662;-15.998216;-25.906990999999998;-12.727600800000001;2.1464244;-19.534433999999997;-3.2307473;-10.913457300000001;29.491419;-23.835742000000003;-5.47086094;-49.386121;27.728755;-2.4049534;-10.111303799999998;-1.8591697299999996;-5.8145817;-1.4250846900000005;-0.54221193;0.6965431799999999;0.51460623;-0.14826166999999996;-0.22964892799999997;0.39803648700000005;0.02917458763999998;0.05812825999999997;0.78597782;2.46669233;0.25448895799999993;-1.6683061600000002;1.6554454799999998;0.3011088919999999;0.9683576299999999;0.8095002899999999;-0.00934047972;3.7613974;0.0333815053;0.0028564374;0.000145368128;0.23963006;0.010060710300000001;0.67102224;-0.08536748899999999;29.580818999999998;-1.7035320500000002;762.50001;-16.6666616;828.125;-10.0;892.70833;3.3333322;1167.7083;10.208330499999999;4.0831061;-0.17483587600000003;217555.15999999997;7335.676599999999;0.13275001;-0.0007416665999999999;0.046269661999999996;0.000585220377;0.85752966;-0.000183352024
'CMU_DNN_0579_26_J-A.wav';0.0;208.12022000000005;0.004299120000000002;0.86259244;0.05661451933333333;0.011782118399999998;5.219440799999999e-05;0.017613294;2.9305292666666663e-05;14.850957999999995;-0.08178265966666669;0.03800407628666667;0.0038513324933333332;0.21157822646666666;0.0048957140866666615;-16.694008466666666;-16.19003693333333;-9.341525066666666;-13.243889666666666;-15.1337992;-6.20562264;-12.027523199999997;22.858295133333336;8.47233486666667;11.183397452000001;-24.787931646666664;-8.292141606666666;-14.368983666666663;9.463743366666668;-11.022483226666663;-14.489011133333333;-0.14806862000000004;-0.22258575333333333;0.3586189533333332;0.84511948;-0.021605997999999974;1.3675818933333332;0.36936461333333337;0.11798799333333328;-2.1288671733333335;-1.2047060266666667;-1.246157773333333;0.396864493333333;0.9461568533333333;0.40332394666666666;0.9804757133333334;0.6278839673333333;0.4805679933333334;0.032642820333333336;3.1354732;0.06516088533333332;0.007218942773333333;9.741800666666679e-05;0.3163860333333333;0.021339126533333325;0.34817346799999993;0.024840037686666663;153.08784466666665;-14.390322320000001;355.55556;33.95833173333333;430.55555333333336;36.59722386666667;472.22222;36.80555306666667;620.1388800000001;36.874997666666665;7.838392133333333;-0.53834023;421411.264;5666.054600000005;0.10422222866666668;0.004661110686666667;0.11458860886666665;0.00025806835466666656;0.8064140266666667;0.00015836284866666664
'CMU_DNN_0579_27_tB-A.wav';0.0;80.57503571428572;-0.004251460357142857;0.42852454357142855;0.048491610121428566;0.021350082857142856;0.0;0.072087915;5.832231428571429e-05;-55.23813786714287;0.7614061795;0.005576423194285714;0.001052127702785714;0.02505840289714286;0.003222288501428571;-14.521978714285714;-9.401695142857145;-2.7813304571428574;-1.9780381071428572;-6.111275907142859;3.699299457142857;-3.7542149821428574;24.148478571428573;2.786983473071428;4.838533428571429;-15.628739500000004;5.8285602;0.9257282857142867;12.534361571428573;1.178960242857143;-9.756901357142855;-0.5200041928571429;-0.10025312428571419;-0.04931739285714276;-0.5731649928571428;-0.28131975;0.48139625857142854;-0.4764805271428571;0.24942505714285718;-1.6627604864285712;-1.6551959485714285;-1.65973535;0.2236537785714285;-0.10913542857142834;0.5141178142857143;0.5602030328571428;-0.3764573042857142;0.4965218214285714;0.03073438142857143;3.954297571428571;0.06063250357142859;0.02557698764285714;-4.457430857142858e-05;0.12026534642857142;0.006635963578571426;0.07491763627428571;0.014833516978571427;60.05396071428573;-11.413399755;283.48215;28.497024000000003;426.3392785714286;40.1785717481515;577.3809428571429;41.666669071428565;944.19645;41.59225150000001;5.364987714285713;-0.5844361335714285;413935.19;3654.194685714275;0.09821428857142858;0.0029404760285714295;0.14326234285714287;-0.0018051414285714287;0.7144431714285717;0.00047543880000000007
'CMU_DNN_0579_28_tBh-A.wav';0.0;88.17848181818182;0.012830163636363636;0.3476976636363636;0.0327350404;0.009461547272727274;0.0;0.007886063636363636;0.0;-61.838536;0.017054265454545456;0.0028402464618181816;0.0007443178663636365;0.002060690345454545;0.0002445301427272727;-16.878557818181818;-3.698749090909091;-5.513662027272727;-8.487645818181816;-10.713223909090908;-0.8111163154545454;-7.158995672727272;15.120526272727274;4.650457192727273;6.117514972727273;-6.209007727272728;13.666047345454546;1.891302081818182;13.284051909090909;3.2673169272727267;-6.689331272727273;-1.3327069363636364;-0.49000300000000024;-1.5578943363636364;-0.18313719090909092;-1.5396357136363639;-0.40427577672727266;-0.7259955636363637;-0.6137153272727272;-2.0382071181818184;-0.8015113454545453;-0.31983924545454545;2.404730293636364;0.28709721181818204;-0.15236179999999988;-0.9166443445454546;0.31568573;0.5973520545454546;0.009530106363636371;4.360033181818182;0.016407263636363675;0.0630963088181818;2.1343909090907644e-05;0.07004650272727272;0.005094637327272728;0.015970676;0.004689826272727273;61.009834;-18.142211545454547;258.52272727272725;2.651514636363638;386.3636363636364;1.4204539999999999;832.3863272727272;8.049246363636355;1860.7954272727272;44.60229090909088;5.01072209090909;-0.6841032727272727;1140549.9063636363;21447.943636363638;0.15454545090909091;0.0027651513636363615;0.06267339090909091;-6.27287609090909e-05;0.6747748090909091;0.0007072690909090905
